"Description:","Bushels per Acre, decimal","Percentage of protein per pound, decimal",,,,,,,,,,,,,,"Comma-separated list of planting methods",,,,"LSD at a=0.05 (for the entire location in this year)","LSD at a=0.10(for the entire location in this year)","HSD at a=0.05 (for the entire location in this year)",,,"Name of location","Name of variety"
"Example: (#57)",57.3,15.9,56.8,31.4,38,55,,,,,,,,,,"no till, recrop",1,,,,,,"05/12/10","09/28/10","Minot","ND 901CL Plus"
"Data Headers:","bushels_acre","protein_percent","test_weight","kernel_weight","plant_height","days_to_head","lodging_factor","jday_of_head","winter_survival_rate","shatter","seeds_per_round","canopy_density","canopy_height","days_to_flower","seed_oil_percent","planting_method_tags","seeding_rate","previous_crop","moisture_basis","lsd_05","lsd_10","hsd_10","plant_date","harvest_date","location","variety"
,39.8,13.6,55.8,21.1,28.8,58.8,,175.8,,,,,,,,"fallow",,,,3.1,2.6,,04/25/12,08/02/12,"Williston","Vida"
,36.9,15.3,56.0,21.2,27.9,58.5,,175.5,,,,,,,,"fallow",,,,3.1,2.6,,04/25/12,08/02/12,"Williston","Reeder"
,39.0,14.4,57.7,21.9,27.3,56.5,,173.5,,,,,,,,"fallow",,,,3.1,2.6,,04/25/12,08/02/12,"Williston","RB07"
,36.8,14.3,57.4,21.4,30.3,55.5,,172.5,,,,,,,,"fallow",,,,3.1,2.6,,04/25/12,08/02/12,"Williston","Barlow"
,37.7,14.7,54.9,22.1,28.9,57.0,,174.0,,,,,,,,"fallow",,,,3.1,2.6,,04/25/12,08/02/12,"Williston","WB-Digger"
,36.3,14.3,56.1,20.6,29.1,58.3,,175.3,,,,,,,,"fallow",,,,3.1,2.6,,04/25/12,08/02/12,"Williston","Alpine"
,38.1,15.5,58.1,21.8,26.0,55.5,,172.5,,,,,,,,"fallow",,,,3.1,2.6,,04/25/12,08/02/12,"Williston","Brennan"
,37.3,15.2,58.7,22.2,25.9,54.8,,171.8,,,,,,,,"fallow",,,,3.1,2.6,,04/25/12,08/02/12,"Williston","Kelby"
,35.2,15.0,54.8,20.9,27.4,60.0,,177.0,,,,,,,,"fallow",,,,3.1,2.6,,04/25/12,08/02/12,"Williston","Velva"
,34.9,15.2,54.0,22.3,26.9,59.5,,176.5,,,,,,,,"fallow",,,,3.1,2.6,,04/25/12,08/02/12,"Williston","Jenna"
,36.0,15.7,55.1,21.1,27.9,56.8,,173.8,,,,,,,,"fallow",,,,3.1,2.6,,04/25/12,08/02/12,"Williston","Rollag(MN05214-3)"
,34.5,15.3,55.5,21.7,27.3,56.5,,173.5,,,,,,,,"fallow",,,,3.1,2.6,,04/25/12,08/02/12,"Williston","Edge"
,34.6,15.5,55.7,22.0,26.9,57.3,,174.3,,,,,,,,"fallow",,,,3.1,2.6,,04/25/12,08/02/12,"Williston","Knudson"
,34.7,15.3,56.8,20.7,30.5,53.3,,170.3,,,,,,,,"fallow",,,,3.1,2.6,,04/25/12,08/02/12,"Williston","Select"
,33.0,15.9,55.5,20.7,30.0,58.0,,175.0,,,,,,,,"fallow",,,,3.1,2.6,,04/25/12,08/02/12,"Williston","Freyr"
,32.4,15.4,54.5,20.1,29.1,58.8,,175.8,,,,,,,,"fallow",,,,3.1,2.6,,04/25/12,08/02/12,"Williston","Steele-ND"
,35.4,15.9,55.2,22.9,26.5,57.5,,174.5,,,,,,,,"fallow",,,,3.1,2.6,,04/25/12,08/02/12,"Williston","MN06028"
,34.6,15.3,58.1,21.6,28.1,58.5,,175.5,,,,,,,,"fallow",,,,3.1,2.6,,04/25/12,08/02/12,"Williston","Breaker"
,33.3,15.6,54.5,16.8,26.8,61.8,,178.8,,,,,,,,"fallow",,,,3.1,2.6,,04/25/12,08/02/12,"Williston","Albany"
,34.5,15.0,59.0,21.5,30.3,55.3,,172.3,,,,,,,,"fallow",,,,3.1,2.6,,04/25/12,08/02/12,"Williston","Glenn"
,32.6,15.7,57.4,21.3,30.8,58.0,,175.0,,,,,,,,"fallow",,,,3.1,2.6,,04/25/12,08/02/12,"Williston","ND901CL Plus"
,31.6,14.7,57.3,24.7,26.2,55.0,,172.0,,,,,,,,"fallow",,,,3.1,2.6,,04/25/12,08/02/12,"Williston","Agawam"
,33.6,15.5,56.0,20.8,29.9,55.3,,172.3,,,,,,,,"fallow",,,,3.1,2.6,,04/25/12,08/02/12,"Williston","Briggs"
,32.7,16.5,55.2,20.9,29.8,60.3,,177.3,,,,,,,,"fallow",,,,3.1,2.6,,04/25/12,08/02/12,"Williston","AC Lillian"
,34.4,14.9,56.3,21.1,28.9,58.0,,175.0,,,,,,,,"fallow",,,,3.1,2.6,,04/25/12,08/02/12,"Williston","Alsen"
,31.8,14.9,54.2,19.6,29.1,59.0,,176.0,,,,,,,,"fallow",,,,3.1,2.6,,04/25/12,08/02/12,"Williston","Howard"
,30.5,14.9,52.8,19.5,28.6,60.5,,177.5,,,,,,,,"fallow",,,,3.1,2.6,,04/25/12,08/02/12,"Williston","Faller"
,32.2,16.0,55.9,21.5,26.4,57.8,,174.8,,,,,,,,"fallow",,,,3.1,2.6,,04/25/12,08/02/12,"Williston","Conan"
,32.1,15.5,55.4,20.6,25.5,58.0,,175.0,,,,,,,,"fallow",,,,3.1,2.6,,04/25/12,08/02/12,"Williston","Choteau"
,32.4,14.7,58.0,20.9,29.4,54.0,,171.0,,,,,,,,"fallow",,,,3.1,2.6,,04/25/12,08/02/12,"Williston","Brick"
,30.7,15.1,53.7,20.3,28.1,60.8,,177.8,,,,,,,,"fallow",,,,3.1,2.6,,04/25/12,08/02/12,"Williston","Prosper"
,31.1,16.7,58.6,19.7,26.9,62.0,,179.0,,,,,,,,"fallow",,,,3.1,2.6,,04/25/12,08/02/12,"Williston","Vantage"
,29.3,16.5,55.5,19.2,27.9,59.8,,176.8,,,,,,,,"fallow",,,,3.1,2.6,,04/25/12,08/02/12,"Williston","Mott"
,39.2,14.6,57.6,21.7,31.0,54.3,,171.3,,,,,,,,"fallow",,,,3.1,2.6,,04/25/12,08/02/12,"Williston","Forefront (SD3997)"
,36.8,15.3,55.7,217.0,29.2,55.0,,172.0,,,,,,,,"fallow",,,,3.1,2.6,,04/25/12,08/02/12,"Williston","ND 819"
,34.9,15.0,54.8,20.3,29.2,58.3,,175.3,,,,,,,,"fallow",,,,3.1,2.6,,04/25/12,08/02/12,"Williston","Elgin (ND 818)"
,36.1,15.3,56.5,23.2,25.7,56.3,,173.3,,,,,,,,"fallow",,,,3.1,2.6,,04/25/12,08/02/12,"Williston","WB-Mayville"
,35.1,14.6,55.1,19.9,27.9,57.5,,174.5,,,,,,,,"fallow",,,,3.1,2.6,,04/25/12,08/02/12,"Williston","Powerplay"
,35.9,14.3,52.0,22.9,29.2,59.5,,176.5,,,,,,,,"fallow",,,,3.1,2.6,,04/25/12,08/02/12,"Williston","NDSW0703"
,36.1,15.8,56.9,21.2,30.2,56.8,,173.8,,,,,,,,"fallow",,,,3.1,2.6,,04/25/12,08/02/12,"Williston","ND 820"
,37.7,15.1,56.0,19.2,26.4,57.5,,174.5,,,,,,,,"fallow",,,,3.1,2.6,,04/25/12,08/02/12,"Williston","SY Soren"
,35.7,15.1,55.1,21.0,28.3,54.3,,171.3,,,,,,,,"fallow",,,,3.1,2.6,,04/25/12,08/02/12,"Williston","ND 907"
,34.7,15.3,56.8,20.4,24.4,57.5,,174.5,,,,,,,,"fallow",,,,3.1,2.6,,04/25/12,08/02/12,"Williston","SY Tyra"
,34.5,15.2,55.6,24.1,27.4,56.3,,173.3,,,,,,,,"fallow",,,,3.1,2.6,,04/25/12,08/02/12,"Williston","WB-Gunnison"
,33.9,15.6,55.8,18.3,32.0,56.0,,173.0,,,,,,,,"fallow",,,,3.1,2.6,,04/25/12,08/02/12,"Williston","SY605CL"
,34.9,14.5,56.5,20.6,27.6,58.0,,175.0,,,,,,,,"fallow",,,,3.1,2.6,,04/25/12,08/02/12,"Williston","Norden (MN03196)"
,32.6,15.3,56.0,18.6,27.2,57.8,,174.8,,,,,,,,"fallow",,,,3.1,2.6,,04/25/12,08/02/12,"Williston","Advance (SD4023)"
,35.1,14.5,56.9,20.5,29.1,57.0,,174.0,,,,,,,,"fallow",,,,3.1,2.6,,04/25/12,08/02/12,"Williston","ND 816"
,32.0,15.6,56.0,19.7,29.5,60.0,,177.0,,,,,,,,"fallow",,,,3.1,2.6,,04/25/12,08/02/12,"Williston","ND 817"
,32.2,15.7,55.4,22.7,30.5,59.5,,176.5,,,,,,,,"fallow",,,,3.1,2.6,,04/25/12,08/02/12,"Williston","ND 905"
,34.5,15.5,54.5,21.5,28.6,55.0,,172.0,,,,,,,,"fallow",,,,3.1,2.6,,04/25/12,08/02/12,"Williston","Duclair"
,33.5,15.0,56.7,19.4,30.0,56.5,,173.5,,,,,,,,"fallow",,,,3.1,2.6,,04/25/12,08/02/12,"Williston","ND 812"
,32.3,15.1,57.1,20.8,28.9,55.0,,172.0,,,,,,,,"fallow",,,,3.1,2.6,,04/25/12,08/02/12,"Williston","ND 814"
,30.4,15.2,54.1,19.8,30.5,59.0,,176.0,,,,,,,,"fallow",,,,3.1,2.6,,04/25/12,08/02/12,"Williston","ND 904"
,30.0,16.0,53.2,19.0,29.1,62.8,,179.8,,,,,,,,"fallow",,,,3.1,2.6,,04/25/12,08/02/12,"Williston","ND 906"
,28.9,15.8,54.0,19.9,27.7,60.5,,177.5,,,,,,,,"fallow",,,,3.1,2.6,,04/25/12,08/02/12,"Williston","NDSW0612"
,37.1,15.1,56.2,23.1,25.7,55.5,,172.5,,,,,,,,"fallow",,,,3.1,2.6,,04/25/12,08/02/12,"Williston","Samson"
,36.8,15.1,55.8,21.4,29.2,55.0,,172.0,,,,,,,,"fallow",,,,3.1,2.6,,04/25/12,08/02/12,"Williston","SD4178"
,36.7,15.0,55.9,21.3,30.9,56.3,,173.3,,,,,,,,"fallow",,,,3.1,2.6,,04/25/12,08/02/12,"Williston","ND 823"
,35.2,14.8,56.6,21.7,31.3,56.0,,173.0,,,,,,,,"fallow",,,,3.1,2.6,,04/25/12,08/02/12,"Williston","ND 821"
,34.5,15.3,55.4,21.3,32.5,55.0,,172.0,,,,,,,,"fallow",,,,3.1,2.6,,04/25/12,08/02/12,"Williston","ND 822"
,34.1,15.3,56.3,19.5,29.2,58.8,,175.8,,,,,,,,"fallow",,,,3.1,2.6,,04/25/12,08/02/12,"Williston","MN07098-6"
,33.7,15.1,54.8,19.5,31.6,57.5,,174.5,,,,,,,,"fallow",,,,3.1,2.6,,04/25/12,08/02/12,"Williston","McKenzie"
,33.5,15.7,57.1,20.7,27.8,55.5,,172.5,,,,,,,,"fallow",,,,3.1,2.6,,04/25/12,08/02/12,"Williston","Breakaway"
,33.0,15.6,55.3,18.4,27.4,55.5,,172.5,,,,,,,,"fallow",,,,3.1,2.6,,04/25/12,08/02/12,"Williston","0350253-7"
,29.8,16.2,55.0,18.2,29.1,56.0,,173.0,,,,,,,,"fallow",,,,3.1,2.6,,04/25/12,08/02/12,"Williston","ND 899"
,70.9,13.3,60.6,,23.0,,,,,,,,,,,,,,,25.7,,,04/01/12,08/01/12,"Perley","Advance"
,70.1,14.7,58.8,,27.0,,,,,,,,,,,,,,,25.7,,,04/01/12,08/01/12,"Perley","Barlow"
,75.5,14.7,58.8,,26.0,,,,,,,,,,,,,,,25.7,,,04/01/12,08/01/12,"Perley","Breaker"
,68.0,15.8,57.2,,22.0,,,,,,,,,,,,,,,25.7,,,04/01/12,08/01/12,"Perley","Brennan"
,64.9,15.3,59.0,,26.0,,,,,,,,,,,,,,,25.7,,,04/01/12,08/01/12,"Perley","Brick"
,72.3,14.7,58.7,,25.7,,,,,,,,,,,,,,,25.7,,,04/01/12,08/01/12,"Perley","Briggs"
,59.4,15.3,58.7,,24.3,,,,,,,,,,,,,,,25.7,,,04/01/12,08/01/12,"Perley","Cromwell"
,83.2,14.5,56.9,,26.0,,,,,,,,,,,,,,,25.7,,,04/01/12,08/01/12,"Perley","Edge"
,68.2,14.5,57.5,,26.0,,,,,,,,,,,,,,,25.7,,,04/01/12,08/01/12,"Perley","Faller"
,72.2,15.0,57.2,,27.0,,,,,,,,,,,,,,,25.7,,,04/01/12,08/01/12,"Perley","Forefront"
,66.1,15.0,56.5,,27.7,,,,,,,,,,,,,,,25.7,,,04/01/12,08/01/12,"Perley","Glenn"
,86.0,14.5,56.9,,26.0,,,,,,,,,,,,,,,25.7,,,04/01/12,08/01/12,"Perley","Jenna"
,66.2,14.6,57.2,,22.3,,,,,,,,,,,,,,,25.7,,,04/01/12,08/01/12,"Perley","Knudson"
,75.1,13.4,56.5,,23.0,,,,,,,,,,,,,,,25.7,,,04/01/12,08/01/12,"Perley","LCS Albany"
,66.7,15.6,60.5,,25.0,,,,,,,,,,,,,,,25.7,,,04/01/12,08/01/12,"Perley","LCS Breakaway"
,76.0,14.5,58.5,,25.0,,,,,,,,,,,,,,,25.7,,,04/01/12,08/01/12,"Perley","LCS Powerplay"
,64.1,14.1,57.6,,23.7,,,,,,,,,,,,,,,25.7,,,04/01/12,08/01/12,"Perley","Marshall"
,70.7,14.0,59.3,,26.0,,,,,,,,,,,,,,,25.7,,,04/01/12,08/01/12,"Perley","Norden"
,72.8,14.4,57.2,,26.3,,,,,,,,,,,,,,,25.7,,,04/01/12,08/01/12,"Perley","Prosper"
,72.2,14.5,57.9,,24.3,,,,,,,,,,,,,,,25.7,,,04/01/12,08/01/12,"Perley","RB07"
,69.8,15.2,58.6,,23.0,,,,,,,,,,,,,,,25.7,,,04/01/12,08/01/12,"Perley","Rollag"
,83.7,15.0,58.4,,25.7,,,,,,,,,,,,,,,25.7,,,04/01/12,08/01/12,"Perley","Rollag (1.3X)"
,80.2,14.0,57.1,,24.0,,,,,,,,,,,,,,,25.7,,,04/01/12,08/01/12,"Perley","Sabin"
,66.9,14.8,56.1,,24.3,,,,,,,,,,,,,,,25.7,,,04/01/12,08/01/12,"Perley","Samson"
,75.9,15.0,59.1,,27.7,,,,,,,,,,,,,,,25.7,,,04/01/12,08/01/12,"Perley","Select"
,66.1,15.3,58.4,,24.0,,,,,,,,,,,,,,,25.7,,,04/01/12,08/01/12,"Perley","SY-Soren"
,75.8,15.2,59.7,,24.7,,,,,,,,,,,,,,,25.7,,,04/01/12,08/01/12,"Perley","Vantage"
,67.2,14.7,57.1,,25.7,,,,,,,,,,,,,,,25.7,,,04/01/12,08/01/12,"Perley","Velva"
,78.0,14.5,58.1,,26.3,,,,,,,,,,,,,,,25.7,,,04/01/12,08/01/12,"Perley","WB-Digger"
,72.4,15.3,58.1,,23.3,,,,,,,,,,,,,,,25.7,,,04/01/12,08/01/12,"Perley","WB-Mayville"
,61.5,14.3,60.1,,,,,,,,,,,,,,,,,6.6,,,04/01/12,08/01/12,"Strathcona","Advance"
,72.1,15.0,60.7,,,,,,,,,,,,,,,,,6.6,,,04/01/12,08/01/12,"Strathcona","Barlow"
,64.1,14.9,61.3,,,,,,,,,,,,,,,,,6.6,,,04/01/12,08/01/12,"Strathcona","Breaker"
,82.7,15.2,60.2,,,,,,,,,,,,,,,,,6.6,,,04/01/12,08/01/12,"Strathcona","Brennan"
,65.8,15.3,61.2,,,,,,,,,,,,,,,,,6.6,,,04/01/12,08/01/12,"Strathcona","Brick"
,67.4,14.9,60.3,,,,,,,,,,,,,,,,,6.6,,,04/01/12,08/01/12,"Strathcona","Briggs"
,63.1,14.7,59.3,,,,,,,,,,,,,,,,,6.6,,,04/01/12,08/01/12,"Strathcona","Cromwell"
,68.9,15.4,58.3,,,,,,,,,,,,,,,,,6.6,,,04/01/12,08/01/12,"Strathcona","Edge"
,60.3,14.8,57.8,,,,,,,,,,,,,,,,,6.6,,,04/01/12,08/01/12,"Strathcona","Faller"
,75.8,14.4,60.1,,,,,,,,,,,,,,,,,6.6,,,04/01/12,08/01/12,"Strathcona","Forefront"
,60.6,15.9,60.5,,,,,,,,,,,,,,,,,6.6,,,04/01/12,08/01/12,"Strathcona","Glenn"
,80.2,14.3,60.1,,,,,,,,,,,,,,,,,6.6,,,04/01/12,08/01/12,"Strathcona","Jenna"
,66.8,14.2,58.8,,,,,,,,,,,,,,,,,6.6,,,04/01/12,08/01/12,"Strathcona","Knudson"
,79.3,14.2,57.9,,,,,,,,,,,,,,,,,6.6,,,04/01/12,08/01/12,"Strathcona","LCS Albany"
,71.6,15.0,59.1,,,,,,,,,,,,,,,,,6.6,,,04/01/12,08/01/12,"Strathcona","LCS Breakaway"
,66.4,15.0,57.6,,,,,,,,,,,,,,,,,6.6,,,04/01/12,08/01/12,"Strathcona","LCS Powerplay"
,57.4,14.7,55.5,,,,,,,,,,,,,,,,,6.6,,,04/01/12,08/01/12,"Strathcona","Marshall"
,72.9,14.6,61.0,,,,,,,,,,,,,,,,,6.6,,,04/01/12,08/01/12,"Strathcona","Norden"
,61.4,14.7,58.5,,,,,,,,,,,,,,,,,6.6,,,04/01/12,08/01/12,"Strathcona","Prosper"
,68.4,15.0,59.8,,,,,,,,,,,,,,,,,6.6,,,04/01/12,08/01/12,"Strathcona","RB07"
,68.5,15.8,59.1,,,,,,,,,,,,,,,,,6.6,,,04/01/12,08/01/12,"Strathcona","Rollag"
,71.9,15.2,59.5,,,,,,,,,,,,,,,,,6.6,,,04/01/12,08/01/12,"Strathcona","Rollag (1.3X)"
,72.4,15.1,58.1,,,,,,,,,,,,,,,,,6.6,,,04/01/12,08/01/12,"Strathcona","Sabin"
,75.1,13.9,57.4,,,,,,,,,,,,,,,,,6.6,,,04/01/12,08/01/12,"Strathcona","Samson"
,67.5,14.3,60.5,,,,,,,,,,,,,,,,,6.6,,,04/01/12,08/01/12,"Strathcona","Select"
,82.0,14.9,59.8,,,,,,,,,,,,,,,,,6.6,,,04/01/12,08/01/12,"Strathcona","SY-Soren"
,69.8,16.4,62.2,,,,,,,,,,,,,,,,,6.6,,,04/01/12,08/01/12,"Strathcona","Vantage"
,59.4,14.4,55.8,,,,,,,,,,,,,,,,,6.6,,,04/01/12,08/01/12,"Strathcona","Velva"
,72.4,14.3,58.7,,,,,,,,,,,,,,,,,6.6,,,04/01/12,08/01/12,"Strathcona","WB-Digger"
,73.3,14.9,58.9,,,,,,,,,,,,,,,,,6.6,,,04/01/12,08/01/12,"Strathcona","WB-Mayville"
,71.0,13.7,62.8,,30.5,,,,,,,,,,,,,,,5.9,,,04/01/12,08/01/12,"Fergus Falls","Advance"
,73.9,14.2,62.4,,33.7,,,,,,,,,,,,,,,5.9,,,04/01/12,08/01/12,"Fergus Falls","Edge"
,72.4,14.6,63.4,,31.0,,,,,,,,,,,,,,,5.9,,,04/01/12,08/01/12,"Fergus Falls","Breaker"
,86.8,14.8,62.9,,28.3,,,,,,,,,,,,,,,5.9,,,04/01/12,08/01/12,"Fergus Falls","Brennan"
,71.7,14.6,63.2,,32.7,,,,,,,,,,,,,,,5.9,,,04/01/12,08/01/12,"Fergus Falls","Brick"
,76.7,14.6,61.8,,31.0,,,,,,,,,,,,,,,5.9,,,04/01/12,08/01/12,"Fergus Falls","Briggs"
,59.5,14.1,62.0,,30.5,,,,,,,,,,,,,,,5.9,,,04/01/12,08/01/12,"Fergus Falls","Cromwell"
,68.1,14.4,60.5,,30.8,,,,,,,,,,,,,,,5.9,,,04/01/12,08/01/12,"Fergus Falls","Edge"
,66.0,13.7,60.9,,31.3,,,,,,,,,,,,,,,5.9,,,04/01/12,08/01/12,"Fergus Falls","Faller"
,79.6,14.2,62.0,,32.7,,,,,,,,,,,,,,,5.9,,,04/01/12,08/01/12,"Fergus Falls","Forefront"
,63.8,15.1,62.0,,33.3,,,,,,,,,,,,,,,5.9,,,04/01/12,08/01/12,"Fergus Falls","Glenn"
,76.7,14.0,61.1,,31.3,,,,,,,,,,,,,,,5.9,,,04/01/12,08/01/12,"Fergus Falls","Jenna"
,71.0,13.5,61.3,,29.3,,,,,,,,,,,,,,,5.9,,,04/01/12,08/01/12,"Fergus Falls","Knudson"
,83.9,13.0,61.5,,30.2,,,,,,,,,,,,,,,5.9,,,04/01/12,08/01/12,"Fergus Falls","LCS Albany"
,76.0,15.1,63.3,,29.3,,,,,,,,,,,,,,,5.9,,,04/01/12,08/01/12,"Fergus Falls","LCS Breakaway"
,71.7,13.4,61.1,,30.7,,,,,,,,,,,,,,,5.9,,,04/01/12,08/01/12,"Fergus Falls","LCS Powerplay"
,58.1,13.3,59.6,,32.5,,,,,,,,,,,,,,,5.9,,,04/01/12,08/01/12,"Fergus Falls","Marshall"
,66.0,14.0,62.0,,30.7,,,,,,,,,,,,,,,5.9,,,04/01/12,08/01/12,"Fergus Falls","Norden"
,68.8,13.6,61.1,,34.8,,,,,,,,,,,,,,,5.9,,,04/01/12,08/01/12,"Fergus Falls","Prosper"
,68.8,14.7,61.1,,31.2,,,,,,,,,,,,,,,5.9,,,04/01/12,08/01/12,"Fergus Falls","RB07"
,71.0,14.7,61.6,,28.8,,,,,,,,,,,,,,,5.9,,,04/01/12,08/01/12,"Fergus Falls","Rollag"
,74.6,14.8,61.9,,28.3,,,,,,,,,,,,,,,5.9,,,04/01/12,08/01/12,"Fergus Falls","Rollag (1.3X)"
,72.4,14.3,61.1,,30.0,,,,,,,,,,,,,,,5.9,,,04/01/12,08/01/12,"Fergus Falls","Sabin"
,83.9,13.6,60.2,,30.2,,,,,,,,,,,,,,,5.9,,,04/01/12,08/01/12,"Fergus Falls","Samson"
,81.0,14.4,63.0,,33.2,,,,,,,,,,,,,,,5.9,,,04/01/12,08/01/12,"Fergus Falls","Select"
,74.6,14.4,61.6,,27.8,,,,,,,,,,,,,,,5.9,,,04/01/12,08/01/12,"Fergus Falls","SY-Soren"
,60.2,15.0,62.8,,28.3,,,,,,,,,,,,,,,5.9,,,04/01/12,08/01/12,"Fergus Falls","Vantage"
,62.4,13.6,61.0,,31.2,,,,,,,,,,,,,,,5.9,,,04/01/12,08/01/12,"Fergus Falls","Velva"
,76.0,13.3,61.2,,31.5,,,,,,,,,,,,,,,5.9,,,04/01/12,08/01/12,"Fergus Falls","WB-Digger"
,82.5,13.9,61.5,,27.2,,,,,,,,,,,,,,,5.9,,,04/01/12,08/01/12,"Fergus Falls","WB-Mayville"
,71.7,11.6,61.2,,,,,,,,,,,,,,,,,7.7,,,04/01/12,08/01/12,"Roseau","Advance"
,79.4,13.3,62.3,,,,,,,,,,,,,,,,,7.7,,,04/01/12,08/01/12,"Roseau","Barlow"
,77.8,11.9,60.9,,,,,,,,,,,,,,,,,7.7,,,04/01/12,08/01/12,"Roseau","Breaker"
,78.6,13.1,59.4,,,,,,,,,,,,,,,,,7.7,,,04/01/12,08/01/12,"Roseau","Brennan"
,68.7,12.7,61.2,,,,,,,,,,,,,,,,,7.7,,,04/01/12,08/01/12,"Roseau","Brick"
,80.1,12.6,59.7,,,,,,,,,,,,,,,,,7.7,,,04/01/12,08/01/12,"Roseau","Briggs"
,74.8,13.1,60.4,,,,,,,,,,,,,,,,,7.7,,,04/01/12,08/01/12,"Roseau","Cromwell"
,75.5,12.9,59.0,,,,,,,,,,,,,,,,,7.7,,,04/01/12,08/01/12,"Roseau","Edge"
,82.4,12.0,59.1,,,,,,,,,,,,,,,,,7.7,,,04/01/12,08/01/12,"Roseau","Faller"
,72.5,12.8,60.1,,,,,,,,,,,,,,,,,7.7,,,04/01/12,08/01/12,"Roseau","Forefront"
,61.0,13.1,62.4,,,,,,,,,,,,,,,,,7.7,,,04/01/12,08/01/12,"Roseau","Glenn"
,86.2,11.7,58.7,,,,,,,,,,,,,,,,,7.7,,,04/01/12,08/01/12,"Roseau","Jenna"
,75.5,11.8,60.5,,,,,,,,,,,,,,,,,7.7,,,04/01/12,08/01/12,"Roseau","Knudson"
,90.0,10.8,58.4,,,,,,,,,,,,,,,,,7.7,,,04/01/12,08/01/12,"Roseau","LCS Albany"
,80.1,12.8,59.5,,,,,,,,,,,,,,,,,7.7,,,04/01/12,08/01/12,"Roseau","LCS Breakaway"
,79.4,11.8,59.5,,,,,,,,,,,,,,,,,7.7,,,04/01/12,08/01/12,"Roseau","LCS Powerplay"
,69.4,11.5,58.3,,,,,,,,,,,,,,,,,7.7,,,04/01/12,08/01/12,"Roseau","Marshall"
,75.5,13.0,61.5,,,,,,,,,,,,,,,,,7.7,,,04/01/12,08/01/12,"Roseau","Norden"
,87.7,12.1,59.7,,,,,,,,,,,,,,,,,7.7,,,04/01/12,08/01/12,"Roseau","Prosper"
,74.8,12.7,59.1,,,,,,,,,,,,,,,,,7.7,,,04/01/12,08/01/12,"Roseau","RB07"
,73.2,12.7,59.8,,,,,,,,,,,,,,,,,7.7,,,04/01/12,08/01/12,"Roseau","Rollag"
,70.2,13.4,60.8,,,,,,,,,,,,,,,,,7.7,,,04/01/12,08/01/12,"Roseau","Rollag (1.3X)"
,74.0,12.7,58.1,,,,,,,,,,,,,,,,,7.7,,,04/01/12,08/01/12,"Roseau","Sabin"
,74.0,12.9,59.0,,,,,,,,,,,,,,,,,7.7,,,04/01/12,08/01/12,"Roseau","Samson"
,86.2,12.2,60.3,,,,,,,,,,,,,,,,,7.7,,,04/01/12,08/01/12,"Roseau","Select"
,80.9,12.7,60.1,,,,,,,,,,,,,,,,,7.7,,,04/01/12,08/01/12,"Roseau","SY-Soren"
,67.9,13.1,60.4,,,,,,,,,,,,,,,,,7.7,,,04/01/12,08/01/12,"Roseau","Vantage"
,71.0,12.1,59.5,,,,,,,,,,,,,,,,,7.7,,,04/01/12,08/01/12,"Roseau","Velva"
,78.6,12.4,59.8,,,,,,,,,,,,,,,,,7.7,,,04/01/12,08/01/12,"Roseau","WB-Digger"
,75.5,13.2,59.8,,,,,,,,,,,,,,,,,7.7,,,04/01/12,08/01/12,"Roseau","WB-Mayville"
,92.7,14.4,62.5,,33.0,,,,,,,,,,,,,,,12.8,,,04/01/12,08/01/12,"Hallock","Advance"
,85.5,15.1,62.3,,38.3,,,,,,,,,,,,,,,12.8,,,04/01/12,08/01/12,"Hallock","Barlow"
,91.8,14.8,63.2,,34.0,,,,,,,,,,,,,,,12.8,,,04/01/12,08/01/12,"Hallock","Breaker"
,90.0,15.1,63.0,,30.7,,,,,,,,,,,,,,,12.8,,,04/01/12,08/01/12,"Hallock","Brennan"
,84.6,14.9,63.3,,38.0,,,,,,,,,,,,,,,12.8,,,04/01/12,08/01/12,"Hallock","Brick"
,86.4,15.6,62.7,,34.0,,,,,,,,,,,,,,,12.8,,,04/01/12,08/01/12,"Hallock","Briggs"
,85.5,14.6,62.9,,33.0,,,,,,,,,,,,,,,12.8,,,04/01/12,08/01/12,"Hallock","Cromwell"
,93.6,14.8,61.3,,33.7,,,,,,,,,,,,,,,12.8,,,04/01/12,08/01/12,"Hallock","Edge"
,95.4,14.7,62.5,,34.3,,,,,,,,,,,,,,,12.8,,,04/01/12,08/01/12,"Hallock","Faller"
,86.4,15.3,62.9,,39.3,,,,,,,,,,,,,,,12.8,,,04/01/12,08/01/12,"Hallock","Forefront"
,78.3,15.8,63.4,,36.3,,,,,,,,,,,,,,,12.8,,,04/01/12,08/01/12,"Hallock","Glenn"
,93.6,14.9,61.8,,32.0,,,,,,,,,,,,,,,12.8,,,04/01/12,08/01/12,"Hallock","Jenna"
,88.2,14.2,62.2,,33.7,,,,,,,,,,,,,,,12.8,,,04/01/12,08/01/12,"Hallock","Knudson"
,103.5,13.4,62.0,,33.0,,,,,,,,,,,,,,,12.8,,,04/01/12,08/01/12,"Hallock","LCS Albany"
,90.0,14.8,63.7,,32.0,,,,,,,,,,,,,,,12.8,,,04/01/12,08/01/12,"Hallock","LCS Breakaway"
,90.9,14.4,62.9,,33.0,,,,,,,,,,,,,,,12.8,,,04/01/12,08/01/12,"Hallock","LCS Powerplay"
,81.0,14.1,60.3,,30.3,,,,,,,,,,,,,,,12.8,,,04/01/12,08/01/12,"Hallock","Marshall"
,86.4,14.7,63.6,,31.7,,,,,,,,,,,,,,,12.8,,,04/01/12,08/01/12,"Hallock","Norden"
,98.1,14.3,62.5,,35.7,,,,,,,,,,,,,,,12.8,,,04/01/12,08/01/12,"Hallock","Prosper"
,89.1,15.3,62.0,,31.3,,,,,,,,,,,,,,,12.8,,,04/01/12,08/01/12,"Hallock","RB07"
,88.2,14.9,63.0,,31.7,,,,,,,,,,,,,,,12.8,,,04/01/12,08/01/12,"Hallock","Rollag"
,92.7,15.5,62.9,,32.7,,,,,,,,,,,,,,,12.8,,,04/01/12,08/01/12,"Hallock","Rollag (1.3X)"
,90.9,15.0,61.9,,33.0,,,,,,,,,,,,,,,12.8,,,04/01/12,08/01/12,"Hallock","Sabin"
,95.4,15.0,61.6,,31.0,,,,,,,,,,,,,,,12.8,,,04/01/12,08/01/12,"Hallock","Samson"
,90.9,14.9,63.8,,35.0,,,,,,,,,,,,,,,12.8,,,04/01/12,08/01/12,"Hallock","Select"
,93.6,15.0,62.3,,29.3,,,,,,,,,,,,,,,12.8,,,04/01/12,08/01/12,"Hallock","SY-Soren"
,85.5,15.7,63.2,,33.3,,,,,,,,,,,,,,,12.8,,,04/01/12,08/01/12,"Hallock","Vantage"
,96.3,14.0,59.8,,34.0,,,,,,,,,,,,,,,12.8,,,04/01/12,08/01/12,"Hallock","Velva"
,97.2,14.4,61.7,,34.0,,,,,,,,,,,,,,,12.8,,,04/01/12,08/01/12,"Hallock","WB-Digger"
,89.1,15.3,62.1,,30.0,,,,,,,,,,,,,,,12.8,,,04/01/12,08/01/12,"Hallock","WB-Mayville"
,72.8,15.0,63.7,,30.0,,,,,,,,,,,,,,,9.2,,,04/01/12,08/01/12,"Stephen","Advance"
,75.1,15.8,61.4,,34.0,,,,,,,,,,,,,,,9.2,,,04/01/12,08/01/12,"Stephen","Barlow"
,78.9,15.9,63.5,,33.3,,,,,,,,,,,,,,,9.2,,,04/01/12,08/01/12,"Stephen","Breaker"
,76.6,15.7,62.9,,29.0,,,,,,,,,,,,,,,9.2,,,04/01/12,08/01/12,"Stephen","Brennan"
,76.6,15.3,62.6,,32.7,,,,,,,,,,,,,,,9.2,,,04/01/12,08/01/12,"Stephen","Brick"
,74.3,15.4,62.3,,32.0,,,,,,,,,,,,,,,9.2,,,04/01/12,08/01/12,"Stephen","Briggs"
,66.6,15.1,63.0,,31.0,,,,,,,,,,,,,,,9.2,,,04/01/12,08/01/12,"Stephen","Cromwell"
,77.4,15.5,61.4,,30.7,,,,,,,,,,,,,,,9.2,,,04/01/12,08/01/12,"Stephen","Edge"
,80.4,15.1,62.3,,34.7,,,,,,,,,,,,,,,9.2,,,04/01/12,08/01/12,"Stephen","Faller"
,78.1,16.0,62.5,,36.3,,,,,,,,,,,,,,,9.2,,,04/01/12,08/01/12,"Stephen","Forefront"
,69.7,16.6,61.6,,33.3,,,,,,,,,,,,,,,9.2,,,04/01/12,08/01/12,"Stephen","Glenn"
,85.0,15.6,61.5,,31.7,,,,,,,,,,,,,,,9.2,,,04/01/12,08/01/12,"Stephen","Jenna"
,78.1,15.2,62.4,,31.7,,,,,,,,,,,,,,,9.2,,,04/01/12,08/01/12,"Stephen","Knudson"
,86.6,13.6,60.7,,32.3,,,,,,,,,,,,,,,9.2,,,04/01/12,08/01/12,"Stephen","LCS Albany"
,81.2,15.7,62.8,,29.3,,,,,,,,,,,,,,,9.2,,,04/01/12,08/01/12,"Stephen","LCS Breakaway"
,82.0,14.3,62.6,,32.7,,,,,,,,,,,,,,,9.2,,,04/01/12,08/01/12,"Stephen","LCS Powerplay"
,67.4,14.6,61.2,,31.7,,,,,,,,,,,,,,,9.2,,,04/01/12,08/01/12,"Stephen","Marshall"
,77.4,15.1,63.5,,30.7,,,,,,,,,,,,,,,9.2,,,04/01/12,08/01/12,"Stephen","Norden"
,79.7,14.9,62.5,,33.0,,,,,,,,,,,,,,,9.2,,,04/01/12,08/01/12,"Stephen","Prosper"
,75.1,15.6,61.3,,31.3,,,,,,,,,,,,,,,9.2,,,04/01/12,08/01/12,"Stephen","RB07"
,79.7,15.8,62.8,,30.7,,,,,,,,,,,,,,,9.2,,,04/01/12,08/01/12,"Stephen","Rollag"
,78.1,16.5,62.7,,29.7,,,,,,,,,,,,,,,9.2,,,04/01/12,08/01/12,"Stephen","Rollag (1.3X)"
,76.6,15.7,62.4,,30.3,,,,,,,,,,,,,,,9.2,,,04/01/12,08/01/12,"Stephen","Sabin"
,80.4,15.3,61.5,,29.0,,,,,,,,,,,,,,,9.2,,,04/01/12,08/01/12,"Stephen","Samson"
,77.4,15.4,63.8,,31.7,,,,,,,,,,,,,,,9.2,,,04/01/12,08/01/12,"Stephen","Select"
,84.3,15.4,62.9,,28.7,,,,,,,,,,,,,,,9.2,,,04/01/12,08/01/12,"Stephen","SY-Soren"
,77.4,15.9,63.2,,31.3,,,,,,,,,,,,,,,9.2,,,04/01/12,08/01/12,"Stephen","Vantage"
,74.3,15.2,61.3,,33.7,,,,,,,,,,,,,,,9.2,,,04/01/12,08/01/12,"Stephen","Velva"
,78.1,14.9,61.8,,34.7,,,,,,,,,,,,,,,9.2,,,04/01/12,08/01/12,"Stephen","WB-Digger"
,76.6,16.2,62.6,,27.3,,,,,,,,,,,,,,,9.2,,,04/01/12,08/01/12,"Stephen","WB-Mayville"
,85.8,14.5,60.8,,31.4,,,,,,,,,,,,,,,11.7,,,04/01/12,08/01/12,"DeGraff","Advance"
,82.5,15.7,58.9,,36.8,,,,,,,,,,,,,,,11.7,,,04/01/12,08/01/12,"DeGraff","Barlow"
,85.0,15.2,61.3,,33.8,,,,,,,,,,,,,,,11.7,,,04/01/12,08/01/12,"DeGraff","Breaker"
,89.9,15.2,60.5,,30.9,,,,,,,,,,,,,,,11.7,,,04/01/12,08/01/12,"DeGraff","Brennan"
,75.3,15.4,61.4,,33.7,,,,,,,,,,,,,,,11.7,,,04/01/12,08/01/12,"DeGraff","Brick"
,85.1,15.5,60.2,,35.2,,,,,,,,,,,,,,,11.7,,,04/01/12,08/01/12,"DeGraff","Briggs"
,85.3,15.0,59.0,,33.5,,,,,,,,,,,,,,,11.7,,,04/01/12,08/01/12,"DeGraff","Cromwell"
,79.1,15.4,58.6,,32.5,,,,,,,,,,,,,,,11.7,,,04/01/12,08/01/12,"DeGraff","Edge"
,85.9,15.1,59.8,,34.2,,,,,,,,,,,,,,,11.7,,,04/01/12,08/01/12,"DeGraff","Faller"
,93.0,14.9,61.3,,37.0,,,,,,,,,,,,,,,11.7,,,04/01/12,08/01/12,"DeGraff","Forefront"
,80.8,15.8,61.5,,34.3,,,,,,,,,,,,,,,11.7,,,04/01/12,08/01/12,"DeGraff","Glenn"
,88.9,15.2,59.7,,34.2,,,,,,,,,,,,,,,11.7,,,04/01/12,08/01/12,"DeGraff","Jenna"
,86.4,14.2,59.5,,33.0,,,,,,,,,,,,,,,11.7,,,04/01/12,08/01/12,"DeGraff","Knudson"
,96.2,14.1,59.8,,32.9,,,,,,,,,,,,,,,11.7,,,04/01/12,08/01/12,"DeGraff","LCS Albany"
,86.8,15.6,61.5,,29.1,,,,,,,,,,,,,,,11.7,,,04/01/12,08/01/12,"DeGraff","LCS Breakaway"
,89.2,14.9,60.1,,32.7,,,,,,,,,,,,,,,11.7,,,04/01/12,08/01/12,"DeGraff","LCS Powerplay"
,85.8,14.6,58.8,,33.4,,,,,,,,,,,,,,,11.7,,,04/01/12,08/01/12,"DeGraff","Marshall"
,85.0,14.8,60.4,,32.2,,,,,,,,,,,,,,,11.7,,,04/01/12,08/01/12,"DeGraff","Norden"
,99.1,15.0,60.5,,34.8,,,,,,,,,,,,,,,11.7,,,04/01/12,08/01/12,"DeGraff","Prosper"
,87.9,15.1,59.9,,30.7,,,,,,,,,,,,,,,11.7,,,04/01/12,08/01/12,"DeGraff","RB07"
,88.0,15.3,60.2,,31.1,,,,,,,,,,,,,,,11.7,,,04/01/12,08/01/12,"DeGraff","Rollag"
,91.1,15.6,61.4,,31.9,,,,,,,,,,,,,,,11.7,,,04/01/12,08/01/12,"DeGraff","Rollag (1.3x)"
,86.8,15.5,59.6,,31.6,,,,,,,,,,,,,,,11.7,,,04/01/12,08/01/12,"DeGraff","Sabin"
,92.3,14.6,57.9,,31.0,,,,,,,,,,,,,,,11.7,,,04/01/12,08/01/12,"DeGraff","Samson"
,74.6,15.4,62.1,,34.8,,,,,,,,,,,,,,,11.7,,,04/01/12,08/01/12,"DeGraff","Select"
,88.3,15.1,59.2,,31.3,,,,,,,,,,,,,,,11.7,,,04/01/12,08/01/12,"DeGraff","SY-Soren"
,77.6,16.2,61.3,,32.5,,,,,,,,,,,,,,,11.7,,,04/01/12,08/01/12,"DeGraff","Vantage"
,76.8,15.3,56.9,,34.3,,,,,,,,,,,,,,,11.7,,,04/01/12,08/01/12,"DeGraff","Velva"
,98.2,14.9,59.6,,34.4,,,,,,,,,,,,,,,11.7,,,04/01/12,08/01/12,"DeGraff","WB-Digger"
,89.8,15.3,60.2,,30.7,,,,,,,,,,,,,,,11.7,,,04/01/12,08/01/12,"DeGraff","WB-Mayville"
,67.2,14.2,62.2,,30.4,,,,,,,,,,,,,,,3.8,,,04/01/12,08/01/12,"LeCenter","Advance"
,62.0,15.3,60.3,,34.5,,,,,,,,,,,,,,,3.8,,,04/01/12,08/01/12,"LeCenter","Barlow"
,61.8,15.1,60.6,,31.8,,,,,,,,,,,,,,,3.8,,,04/01/12,08/01/12,"LeCenter","Breaker"
,70.8,15.1,61.5,,29.0,,,,,,,,,,,,,,,3.8,,,04/01/12,08/01/12,"LeCenter","Brennan"
,51.6,15.4,60.8,,33.4,,,,,,,,,,,,,,,3.8,,,04/01/12,08/01/12,"LeCenter","Brick"
,60.6,15.5,60.7,,32.7,,,,,,,,,,,,,,,3.8,,,04/01/12,08/01/12,"LeCenter","Briggs"
,55.3,14.8,60.7,,31.4,,,,,,,,,,,,,,,3.8,,,04/01/12,08/01/12,"LeCenter","Cromwell"
,59.9,15.0,59.8,,29.6,,,,,,,,,,,,,,,3.8,,,04/01/12,08/01/12,"LeCenter","Edge"
,57.3,14.4,60.0,,31.9,,,,,,,,,,,,,,,3.8,,,04/01/12,08/01/12,"LeCenter","Faller"
,62.5,15.4,61.3,,34.5,,,,,,,,,,,,,,,3.8,,,04/01/12,08/01/12,"LeCenter","Forefront"
,51.8,15.2,61.1,,33.3,,,,,,,,,,,,,,,3.8,,,04/01/12,08/01/12,"LeCenter","Glenn"
,69.4,14.9,60.3,,30.5,,,,,,,,,,,,,,,3.8,,,04/01/12,08/01/12,"LeCenter","Jenna"
,61.4,14.0,60.3,,31.3,,,,,,,,,,,,,,,3.8,,,04/01/12,08/01/12,"LeCenter","Knudson"
,77.6,13.9,61.7,,29.9,,,,,,,,,,,,,,,3.8,,,04/01/12,08/01/12,"LeCenter","LCS Albany"
,66.4,14.9,61.4,,29.6,,,,,,,,,,,,,,,3.8,,,04/01/12,08/01/12,"LeCenter","LCS Breakaway"
,59.4,14.3,60.2,,30.5,,,,,,,,,,,,,,,3.8,,,04/01/12,08/01/12,"LeCenter","LCS Powerplay"
,47.2,13.8,58.5,,29.1,,,,,,,,,,,,,,,3.8,,,04/01/12,08/01/12,"LeCenter","Marshall"
,61.1,14.7,61.2,,30.3,,,,,,,,,,,,,,,3.8,,,04/01/12,08/01/12,"LeCenter","Norden"
,58.7,14.4,60.1,,32.5,,,,,,,,,,,,,,,3.8,,,04/01/12,08/01/12,"LeCenter","Prosper"
,59.2,15.0,60.4,,31.8,,,,,,,,,,,,,,,3.8,,,04/01/12,08/01/12,"LeCenter","RB07"
,60.7,15.7,59.9,,30.6,,,,,,,,,,,,,,,3.8,,,04/01/12,08/01/12,"LeCenter","Rollag"
,63.9,15.6,62.7,,29.9,,,,,,,,,,,,,,,3.8,,,04/01/12,08/01/12,"LeCenter","Rollag (1.3x)"
,58.7,14.9,59.6,,30.0,,,,,,,,,,,,,,,3.8,,,04/01/12,08/01/12,"LeCenter","Sabin"
,75.8,14.3,59.2,,28.9,,,,,,,,,,,,,,,3.8,,,04/01/12,08/01/12,"LeCenter","Samson"
,55.0,15.0,61.0,,33.4,,,,,,,,,,,,,,,3.8,,,04/01/12,08/01/12,"LeCenter","Select"
,66.1,15.2,60.1,,28.9,,,,,,,,,,,,,,,3.8,,,04/01/12,08/01/12,"LeCenter","SY-Soren"
,56.0,15.9,61.1,,28.5,,,,,,,,,,,,,,,3.8,,,04/01/12,08/01/12,"LeCenter","Vantage"
,58.7,14.2,57.0,,30.8,,,,,,,,,,,,,,,3.8,,,04/01/12,08/01/12,"LeCenter","Velva"
,67.4,14.5,59.6,,32.4,,,,,,,,,,,,,,,3.8,,,04/01/12,08/01/12,"LeCenter","WB-Digger"
,70.8,15.2,60.5,,29.0,,,,,,,,,,,,,,,3.8,,,04/01/12,08/01/12,"LeCenter","WB-Mayville"
,40.0,14.4,62.5,,25.6,,,,,,,,,,,,,,,9.4,,,04/01/12,08/01/12,"Lamberton","Advance"
,40.3,15.4,61.8,,28.0,,,,,,,,,,,,,,,9.4,,,04/01/12,08/01/12,"Lamberton","Barlow"
,36.6,16.0,61.5,,26.1,,,,,,,,,,,,,,,9.4,,,04/01/12,08/01/12,"Lamberton","Breaker"
,38.8,15,62,,23.9,,,,,,,,,,,,,,,9.4,,,04/01/12,08/01/12,"Lamberton","Brennan"
,34.4,14.9,62.9,,27.4,,,,,,,,,,,,,,,9.4,,,04/01/12,08/01/12,"Lamberton","Brick"
,43.1,15.2,61.3,,28.0,,,,,,,,,,,,,,,9.4,,,04/01/12,08/01/12,"Lamberton","Briggs"
,37.0,15.6,61.2,,27.0,,,,,,,,,,,,,,,9.4,,,04/01/12,08/01/12,"Lamberton","Cromwell"
,30.0,15.0,60.1,,26.6,,,,,,,,,,,,,,,9.4,,,04/01/12,08/01/12,"Lamberton","Edge"
,40.9,15.1,60.9,,27.6,,,,,,,,,,,,,,,9.4,,,04/01/12,08/01/12,"Lamberton","Faller"
,38.7,15.7,62.5,,28.9,,,,,,,,,,,,,,,9.4,,,04/01/12,08/01/12,"Lamberton","Forefront"
,36.4,16.2,63.7,,26.8,,,,,,,,,,,,,,,9.4,,,04/01/12,08/01/12,"Lamberton","Glenn"
,40.3,14.8,61.8,,26.9,,,,,,,,,,,,,,,9.4,,,04/01/12,08/01/12,"Lamberton","Jenna"
,40.6,14.8,61.5,,26.5,,,,,,,,,,,,,,,9.4,,,04/01/12,08/01/12,"Lamberton","Knudson"
,43.9,14.5,60.6,,24.7,,,,,,,,,,,,,,,9.4,,,04/01/12,08/01/12,"Lamberton","LCS Albany"
,30.1,15.8,62.3,,24.4,,,,,,,,,,,,,,,9.4,,,04/01/12,08/01/12,"Lamberton","LCS Breakaway"
,35.9,15.1,61.5,,26.0,,,,,,,,,,,,,,,9.4,,,04/01/12,08/01/12,"Lamberton","LCS Powerplay"
,27.5,14.8,58.0,,26.4,,,,,,,,,,,,,,,9.4,,,04/01/12,08/01/12,"Lamberton","Marshall"
,39.1,15.3,62.6,,27.2,,,,,,,,,,,,,,,9.4,,,04/01/12,08/01/12,"Lamberton","Norden"
,41.4,14.7,60.8,,28.6,,,,,,,,,,,,,,,9.4,,,04/01/12,08/01/12,"Lamberton","Prosper"
,40.8,15.9,61.6,,27.3,,,,,,,,,,,,,,,9.4,,,04/01/12,08/01/12,"Lamberton","RB07"
,36.6,16.2,61.9,,24.5,,,,,,,,,,,,,,,9.4,,,04/01/12,08/01/12,"Lamberton","Rollag"
,36.5,15.8,61.3,,25.9,,,,,,,,,,,,,,,9.4,,,04/01/12,08/01/12,"Lamberton","Rollag (1.3X)"
,36.6,14.7,61.2,,24.8,,,,,,,,,,,,,,,9.4,,,04/01/12,08/01/12,"Lamberton","Sabin"
,38.4,15.6,61.5,,25.2,,,,,,,,,,,,,,,9.4,,,04/01/12,08/01/12,"Lamberton","Samson"
,38.2,14.8,62.6,,26.6,,,,,,,,,,,,,,,9.4,,,04/01/12,08/01/12,"Lamberton","Select"
,37.7,15.2,60.9,,24.8,,,,,,,,,,,,,,,9.4,,,04/01/12,08/01/12,"Lamberton","SY-Soren"
,36.7,16.3,60.8,,26.6,,,,,,,,,,,,,,,9.4,,,04/01/12,08/01/12,"Lamberton","Vantage"
,33.9,15.2,56.7,,26.1,,,,,,,,,,,,,,,9.4,,,04/01/12,08/01/12,"Lamberton","Velva"
,41.5,14.7,60.9,,26.5,,,,,,,,,,,,,,,9.4,,,04/01/12,08/01/12,"Lamberton","WB-Digger"
,40.9,15.8,60.9,,24.5,,,,,,,,,,,,,,,9.4,,,04/01/12,08/01/12,"Lamberton","WB-Mayville"
,42.9,13.8,58.1,,30.1,,,,,,,,,,,,,,,5.8,,,04/01/12,08/01/12,"Saint Paul","Advance"
,41.9,15.0,59.4,,33.9,,,,,,,,,,,,,,,5.8,,,04/01/12,08/01/12,"Saint Paul","Barlow"
,39.4,14.3,59.2,,30.7,,,,,,,,,,,,,,,5.8,,,04/01/12,08/01/12,"Saint Paul","Breaker"
,47.3,15.0,58.5,,29.1,,,,,,,,,,,,,,,5.8,,,04/01/12,08/01/12,"Saint Paul","Brennan"
,31.6,14.8,59.4,,33.9,,,,,,,,,,,,,,,5.8,,,04/01/12,08/01/12,"Saint Paul","Brick"
,41.3,13.7,58.4,,33.9,,,,,,,,,,,,,,,5.8,,,04/01/12,08/01/12,"Saint Paul","Briggs"
,45.2,14.5,57.5,,31.9,,,,,,,,,,,,,,,5.8,,,04/01/12,08/01/12,"Saint Paul","Cromwell"
,40.5,14.5,56.0,,29.9,,,,,,,,,,,,,,,5.8,,,04/01/12,08/01/12,"Saint Paul","Edge"
,45.1,14.1,55.8,,31.5,,,,,,,,,,,,,,,5.8,,,04/01/12,08/01/12,"Saint Paul","Faller"
,40.9,14.9,57.2,,34.6,,,,,,,,,,,,,,,5.8,,,04/01/12,08/01/12,"Saint Paul","Forefront"
,36.3,14.9,61.2,,33.3,,,,,,,,,,,,,,,5.8,,,04/01/12,08/01/12,"Saint Paul","Glenn"
,50.9,14.6,55.7,,30.1,,,,,,,,,,,,,,,5.8,,,04/01/12,08/01/12,"Saint Paul","Jenna"
,47.9,14.1,56.4,,30.3,,,,,,,,,,,,,,,5.8,,,04/01/12,08/01/12,"Saint Paul","Knudson"
,54.4,14.0,57.1,,29.8,,,,,,,,,,,,,,,5.8,,,04/01/12,08/01/12,"Saint Paul","LCS Albany"
,41.3,15.0,58.9,,29.4,,,,,,,,,,,,,,,5.8,,,04/01/12,08/01/12,"Saint Paul","LCS Breakaway"
,37.9,13.9,56.8,,29.4,,,,,,,,,,,,,,,5.8,,,04/01/12,08/01/12,"Saint Paul","LCS Powerplay"
,30.4,13.8,52.6,,29.7,,,,,,,,,,,,,,,5.8,,,04/01/12,08/01/12,"Saint Paul","Marshall"
,35.1,14.3,57.7,,29.7,,,,,,,,,,,,,,,5.8,,,04/01/12,08/01/12,"Saint Paul","Norden"
,45.3,14.0,56.3,,32.2,,,,,,,,,,,,,,,5.8,,,04/01/12,08/01/12,"Saint Paul","Prosper"
,45.2,14.1,56.7,,31.0,,,,,,,,,,,,,,,5.8,,,04/01/12,08/01/12,"Saint Paul","RB07"
,37.8,14.3,57,,29.0,,,,,,,,,,,,,,,5.8,,,04/01/12,08/01/12,"Saint Paul","Rollag"
,36.2,14.5,57.2,,29.3,,,,,,,,,,,,,,,5.8,,,04/01/12,08/01/12,"Saint Paul","Rollag (1.3X)"
,41.0,14.2,56.3,,30.3,,,,,,,,,,,,,,,5.8,,,04/01/12,08/01/12,"Saint Paul","Sabin"
,47.7,14.5,57.8,,28.3,,,,,,,,,,,,,,,5.8,,,04/01/12,08/01/12,"Saint Paul","Samson"
,35.7,13.9,59.1,,34.6,,,,,,,,,,,,,,,5.8,,,04/01/12,08/01/12,"Saint Paul","Select"
,48.3,14.4,58.1,,28.7,,,,,,,,,,,,,,,5.8,,,04/01/12,08/01/12,"Saint Paul","SY-Soren"
,38.7,15.1,58.2,,30.7,,,,,,,,,,,,,,,5.8,,,04/01/12,08/01/12,"Saint Paul","Vantage"
,43.1,14.3,55.3,,30.8,,,,,,,,,,,,,,,5.8,,,04/01/12,08/01/12,"Saint Paul","Velva"
,43.7,13.1,56.5,,31.0,,,,,,,,,,,,,,,5.8,,,04/01/12,08/01/12,"Saint Paul","WB-Digger"
,48.2,14.4,58.0,,27.3,,,,,,,,,,,,,,,5.8,,,04/01/12,08/01/12,"Saint Paul","WB-Mayville"
,64.9,15.1,60.9,,28.7,,,,,,,,,,,,,,,10.4,,,04/01/12,08/01/12,"Morris","Advance"
,65.9,16.1,61.1,,32.7,,,,,,,,,,,,,,,10.4,,,04/01/12,08/01/12,"Morris","Barlow"
,62.3,15.7,61.5,,32.0,,,,,,,,,,,,,,,10.4,,,04/01/12,08/01/12,"Morris","Breaker"
,64.7,15.6,60.6,,25.7,,,,,,,,,,,,,,,10.4,,,04/01/12,08/01/12,"Morris","Brennan"
,60.6,15.6,61.5,,32.0,,,,,,,,,,,,,,,10.4,,,04/01/12,08/01/12,"Morris","Brick"
,73.6,15.4,60.6,,32.7,,,,,,,,,,,,,,,10.4,,,04/01/12,08/01/12,"Morris","Briggs"
,63.1,15.4,61.1,,32.0,,,,,,,,,,,,,,,10.4,,,04/01/12,08/01/12,"Morris","Cromwell"
,55.6,15.9,58.9,,29.3,,,,,,,,,,,,,,,10.4,,,04/01/12,08/01/12,"Morris","Edge"
,56.8,15.4,58.9,,30.7,,,,,,,,,,,,,,,10.4,,,04/01/12,08/01/12,"Morris","Faller"
,68.8,16.1,60.1,,33.3,,,,,,,,,,,,,,,10.4,,,04/01/12,08/01/12,"Morris","Forefront"
,57.1,16.4,62.3,,32.3,,,,,,,,,,,,,,,10.4,,,04/01/12,08/01/12,"Morris","Glenn"
,72.4,15.2,58.9,,30.3,,,,,,,,,,,,,,,10.4,,,04/01/12,08/01/12,"Morris","Jenna"
,64.1,14.9,59.6,,31.7,,,,,,,,,,,,,,,10.4,,,04/01/12,08/01/12,"Morris","Knudson"
,70.3,14.8,60.1,,28.0,,,,,,,,,,,,,,,10.4,,,04/01/12,08/01/12,"Morris","LCS Albany"
,66.0,15.1,61.8,,29.0,,,,,,,,,,,,,,,10.4,,,04/01/12,08/01/12,"Morris","LCS Breakaway"
,63.3,15.3,59.6,,28.0,,,,,,,,,,,,,,,10.4,,,04/01/12,08/01/12,"Morris","LCS Powerplay"
,40.3,14.3,52.0,,28.7,,,,,,,,,,,,,,,10.4,,,04/01/12,08/01/12,"Morris","Marshall"
,65.3,15.5,61.1,,30.3,,,,,,,,,,,,,,,10.4,,,04/01/12,08/01/12,"Morris","Norden"
,64.3,15.7,59.6,,30.0,,,,,,,,,,,,,,,10.4,,,04/01/12,08/01/12,"Morris","Prosper"
,55.8,15.8,59.4,,32.0,,,,,,,,,,,,,,,10.4,,,04/01/12,08/01/12,"Morris","RB07"
,57.1,16.4,60.5,,29.7,,,,,,,,,,,,,,,10.4,,,04/01/12,08/01/12,"Morris","Rollag"
,56.1,16.5,60.1,,28.7,,,,,,,,,,,,,,,10.4,,,04/01/12,08/01/12,"Morris","Rollag (1.3X)"
,57.8,15.4,60.1,,27.3,,,,,,,,,,,,,,,10.4,,,04/01/12,08/01/12,"Morris","Sabin"
,67.1,16.0,59.8,,26.0,,,,,,,,,,,,,,,10.4,,,04/01/12,08/01/12,"Morris","Samson"
,67.0,15.4,60.6,,32.3,,,,,,,,,,,,,,,10.4,,,04/01/12,08/01/12,"Morris","Select"
,59.7,16.0,59.2,,27.0,,,,,,,,,,,,,,,10.4,,,04/01/12,08/01/12,"Morris","SY-Soren"
,53.6,16.4,60.2,,28.7,,,,,,,,,,,,,,,10.4,,,04/01/12,08/01/12,"Morris","Vantage"
,48.7,15.5,55.6,,27.3,,,,,,,,,,,,,,,10.4,,,04/01/12,08/01/12,"Morris","Velva"
,62.1,15.0,58.8,,28.7,,,,,,,,,,,,,,,10.4,,,04/01/12,08/01/12,"Morris","WB-Digger"
,59.6,16.1,58.8,,27.0,,,,,,,,,,,,,,,10.4,,,04/01/12,08/01/12,"Morris","WB-Mayville"
,30.5,14.4,62.7,,22.6,,,,,,,,,,,,,,,7.3,,,04/01/12,08/01/12,"Crookston","Advance"
,33.3,16.2,63.7,,26.5,,,,,,,,,,,,,,,7.3,,,04/01/12,08/01/12,"Crookston","Barlow"
,27.2,16.4,63.0,,24.9,,,,,,,,,,,,,,,7.3,,,04/01/12,08/01/12,"Crookston","Breaker"
,29.2,16.1,63.5,,23.0,,,,,,,,,,,,,,,7.3,,,04/01/12,08/01/12,"Crookston","Brennan"
,28.9,16.2,63.7,,24.8,,,,,,,,,,,,,,,7.3,,,04/01/12,08/01/12,"Crookston","Brick"
,30.1,15.9,62.9,,24.4,,,,,,,,,,,,,,,7.3,,,04/01/12,08/01/12,"Crookston","Briggs"
,26.4,16.2,63.3,,22.8,,,,,,,,,,,,,,,7.3,,,04/01/12,08/01/12,"Crookston","Cromwell"
,26.0,15.6,61.2,,24.0,,,,,,,,,,,,,,,7.3,,,04/01/12,08/01/12,"Crookston","Edge"
,36.1,14.3,61.9,,27.4,,,,,,,,,,,,,,,7.3,,,04/01/12,08/01/12,"Crookston","Faller"
,35.7,16.0,62.6,,26.8,,,,,,,,,,,,,,,7.3,,,04/01/12,08/01/12,"Crookston","Forefront"
,30.1,16.3,64.0,,26.2,,,,,,,,,,,,,,,7.3,,,04/01/12,08/01/12,"Crookston","Glenn"
,33.9,15,62.2,,24.7,,,,,,,,,,,,,,,7.3,,,04/01/12,08/01/12,"Crookston","Jenna"
,30.7,14.6,62.7,,24.5,,,,,,,,,,,,,,,7.3,,,04/01/12,08/01/12,"Crookston","Knudson"
,31.8,14.1,61.1,,23.5,,,,,,,,,,,,,,,7.3,,,04/01/12,08/01/12,"Crookston","LCS Albany"
,25.9,16.5,63.5,,22.8,,,,,,,,,,,,,,,7.3,,,04/01/12,08/01/12,"Crookston","LCS Breakaway"
,35.6,14.4,62.7,,23.8,,,,,,,,,,,,,,,7.3,,,04/01/12,08/01/12,"Crookston","LCS Powerplay"
,30.7,14.3,61.6,,23.6,,,,,,,,,,,,,,,7.3,,,04/01/12,08/01/12,"Crookston","Marshall"
,29.0,15,63.5,,23.6,,,,,,,,,,,,,,,7.3,,,04/01/12,08/01/12,"Crookston","Norden"
,31.3,14.6,61.9,,27.8,,,,,,,,,,,,,,,7.3,,,04/01/12,08/01/12,"Crookston","Prosper"
,30.9,15.5,62.0,,24.0,,,,,,,,,,,,,,,7.3,,,04/01/12,08/01/12,"Crookston","RB07"
,33.5,16.1,63.6,,23.0,,,,,,,,,,,,,,,7.3,,,04/01/12,08/01/12,"Crookston","Rollag"
,29.5,15.9,63.5,,22.0,,,,,,,,,,,,,,,7.3,,,04/01/12,08/01/12,"Crookston","Rollag (1.3X)"
,33.5,15,62.3,,22.7,,,,,,,,,,,,,,,7.3,,,04/01/12,08/01/12,"Crookston","Sabin"
,29.5,15.5,62.7,,22.7,,,,,,,,,,,,,,,7.3,,,04/01/12,08/01/12,"Crookston","Samson"
,29.7,16.3,63.7,,26.4,,,,,,,,,,,,,,,7.3,,,04/01/12,08/01/12,"Crookston","Select"
,29.9,15.5,62.7,,22.7,,,,,,,,,,,,,,,7.3,,,04/01/12,08/01/12,"Crookston","SY-Soren"
,29.0,16,62.5,,24.5,,,,,,,,,,,,,,,7.3,,,04/01/12,08/01/12,"Crookston","Vantage"
,29.8,14,61.1,,25.9,,,,,,,,,,,,,,,7.3,,,04/01/12,08/01/12,"Crookston","Velva"
,32.8,15.0,62.9,,25.1,,,,,,,,,,,,,,,7.3,,,04/01/12,08/01/12,"Crookston","WB-Digger"
,30.6,15.6,62.9,,24.9,,,,,,,,,,,,,,,7.3,,,04/01/12,08/01/12,"Crookston","WB-Mayville"
,37.8,15.5,62.9,,28.7,,,,,,,,,,,,,,,9.6,,,04/01/12,08/01/12,"Waseca","Advance"
,39.0,16.8,63.0,,31.0,,,,,,,,,,,,,,,9.6,,,04/01/12,08/01/12,"Waseca","Barlow"
,41.8,16.4,63.0,,29.3,,,,,,,,,,,,,,,9.6,,,04/01/12,08/01/12,"Waseca","Breaker"
,37.4,16.3,63,,28.7,,,,,,,,,,,,,,,9.6,,,04/01/12,08/01/12,"Waseca","Brennan"
,33.0,16.9,63.0,,33.0,,,,,,,,,,,,,,,9.6,,,04/01/12,08/01/12,"Waseca","Brick"
,45.8,16.4,62.6,,31.7,,,,,,,,,,,,,,,9.6,,,04/01/12,08/01/12,"Waseca","Briggs"
,37.8,16.7,63.2,,30.7,,,,,,,,,,,,,,,9.6,,,04/01/12,08/01/12,"Waseca","Cromwell"
,38.6,16.4,61.5,,28.7,,,,,,,,,,,,,,,9.6,,,04/01/12,08/01/12,"Waseca","Edge"
,39.0,15.8,61.9,,31.0,,,,,,,,,,,,,,,9.6,,,04/01/12,08/01/12,"Waseca","Faller"
,43.0,16.6,62.6,,33.7,,,,,,,,,,,,,,,9.6,,,04/01/12,08/01/12,"Waseca","Forefront"
,25.5,16.9,64.4,,33.7,,,,,,,,,,,,,,,9.6,,,04/01/12,08/01/12,"Waseca","Glenn"
,54.1,16.3,61.8,,30.3,,,,,,,,,,,,,,,9.6,,,04/01/12,08/01/12,"Waseca","Jenna"
,43.0,15.9,62.5,,30.0,,,,,,,,,,,,,,,9.6,,,04/01/12,08/01/12,"Waseca","Knudson"
,53.3,15.4,62.0,,29.3,,,,,,,,,,,,,,,9.6,,,04/01/12,08/01/12,"Waseca","LCS Albany"
,36.2,16.9,64.0,,30.3,,,,,,,,,,,,,,,9.6,,,04/01/12,08/01/12,"Waseca","LCS Breakaway"
,39.0,16.1,62.2,,29.7,,,,,,,,,,,,,,,9.6,,,04/01/12,08/01/12,"Waseca","LCS Powerplay"
,26.7,15.4,61.9,,31.0,,,,,,,,,,,,,,,9.6,,,04/01/12,08/01/12,"Waseca","Marshall"
,46.2,16.0,63.2,,30.0,,,,,,,,,,,,,,,9.6,,,04/01/12,08/01/12,"Waseca","Norden"
,41.0,15.8,61.9,,31.3,,,,,,,,,,,,,,,9.6,,,04/01/12,08/01/12,"Waseca","Prosper"
,35.0,16.7,61.9,,30.3,,,,,,,,,,,,,,,9.6,,,04/01/12,08/01/12,"Waseca","RB07"
,33.4,17.1,62.9,,29.3,,,,,,,,,,,,,,,9.6,,,04/01/12,08/01/12,"Waseca","Rollag"
,34.6,17.2,62.7,,30.0,,,,,,,,,,,,,,,9.6,,,04/01/12,08/01/12,"Waseca","Rollag (1.3X)"
,41.4,16.5,61.8,,29.3,,,,,,,,,,,,,,,9.6,,,04/01/12,08/01/12,"Waseca","Sabin"
,46.6,16.7,62.2,,30.0,,,,,,,,,,,,,,,9.6,,,04/01/12,08/01/12,"Waseca","Samson"
,38.2,16.7,63.6,,32.3,,,,,,,,,,,,,,,9.6,,,04/01/12,08/01/12,"Waseca","Select"
,44.2,16.4,62.2,,30.3,,,,,,,,,,,,,,,9.6,,,04/01/12,08/01/12,"Waseca","SY-Soren"
,37.4,17.3,62.7,,30.0,,,,,,,,,,,,,,,9.6,,,04/01/12,08/01/12,"Waseca","Vantage"
,29.9,15.6,60.3,,30.0,,,,,,,,,,,,,,,9.6,,,04/01/12,08/01/12,"Waseca","Velva"
,49.4,15.9,61.8,,30.3,,,,,,,,,,,,,,,9.6,,,04/01/12,08/01/12,"Waseca","WB-Digger"
,45.0,16.9,62.9,,29.0,,,,,,,,,,,,,,,9.6,,,04/01/12,08/01/12,"Waseca","WB-Mayville"
,32.4,14.3,63.6,,23.4,,,,,,,,,,,"intensive",,,,,,,04/01/12,08/01/12,"Crookston","Advance"
,37.9,15.7,64.3,,27.3,,,,,,,,,,,"intensive",,,,,,,04/01/12,08/01/12,"Crookston","Barlow"
,30.6,15.8,64.9,,25.2,,,,,,,,,,,"intensive",,,,,,,04/01/12,08/01/12,"Crookston","Breaker"
,39.3,15.2,65.4,,22.8,,,,,,,,,,,"intensive",,,,,,,04/01/12,08/01/12,"Crookston","Brennan"
,39.9,14.7,65.7,,27.4,,,,,,,,,,,"intensive",,,,,,,04/01/12,08/01/12,"Crookston","Brick"
,37.3,15.4,63.5,,25.5,,,,,,,,,,,"intensive",,,,,,,04/01/12,08/01/12,"Crookston","Briggs"
,31.1,15.4,63.9,,23.6,,,,,,,,,,,"intensive",,,,,,,04/01/12,08/01/12,"Crookston","Cromwell"
,32.2,15.4,62.3,,25.1,,,,,,,,,,,"intensive",,,,,,,04/01/12,08/01/12,"Crookston","Edge"
,36.2,15.0,62.7,,25.5,,,,,,,,,,,"intensive",,,,,,,04/01/12,08/01/12,"Crookston","Faller"
,32.9,16.1,63,,27.2,,,,,,,,,,,"intensive",,,,,,,04/01/12,08/01/12,"Crookston","Forefront"
,33.7,15.8,64.9,,26.0,,,,,,,,,,,"intensive",,,,,,,04/01/12,08/01/12,"Crookston","Glenn"
,40.0,14.3,62.6,,26.2,,,,,,,,,,,"intensive",,,,,,,04/01/12,08/01/12,"Crookston","Jenna"
,31.9,14.5,63,,23.9,,,,,,,,,,,"intensive",,,,,,,04/01/12,08/01/12,"Crookston","Knudson"
,34.1,13.3,62.5,,24.7,,,,,,,,,,,"intensive",,,,,,,04/01/12,08/01/12,"Crookston","LCS Albany"
,34.4,15.1,64.9,,24.7,,,,,,,,,,,"intensive",,,,,,,04/01/12,08/01/12,"Crookston","LCS Breakaway"
,33.8,14.9,63.9,,25.9,,,,,,,,,,,"intensive",,,,,,,04/01/12,08/01/12,"Crookston","LCS Powerplay"
,31.4,14.8,62.3,,23.5,,,,,,,,,,,"intensive",,,,,,,04/01/12,08/01/12,"Crookston","Marshall"
,33.2,14.6,63.6,,25.3,,,,,,,,,,,"intensive",,,,,,,04/01/12,08/01/12,"Crookston","Norden"
,38.7,14.5,62.9,,28.5,,,,,,,,,,,"intensive",,,,,,,04/01/12,08/01/12,"Crookston","Prosper"
,32.5,15.8,62.5,,25.1,,,,,,,,,,,"intensive",,,,,,,04/01/12,08/01/12,"Crookston","RB07"
,34.4,15.1,63.7,,23.5,,,,,,,,,,,"intensive",,,,,,,04/01/12,08/01/12,"Crookston","Rollag"
,35.9,15.2,64,,24.4,,,,,,,,,,,"intensive",,,,,,,04/01/12,08/01/12,"Crookston","Rollag (1.3X)"
,35.9,14.4,62.7,,24.3,,,,,,,,,,,"intensive",,,,,,,04/01/12,08/01/12,"Crookston","Sabin"
,30.9,15.5,63.2,,19.8,,,,,,,,,,,"intensive",,,,,,,04/01/12,08/01/12,"Crookston","Samson"
,32.8,15.9,64.3,,26.1,,,,,,,,,,,"intensive",,,,,,,04/01/12,08/01/12,"Crookston","Select"
,37.8,15.6,63.9,,23.9,,,,,,,,,,,"intensive",,,,,,,04/01/12,08/01/12,"Crookston","SY-Soren"
,37.9,14.8,63.7,,25.2,,,,,,,,,,,"intensive",,,,,,,04/01/12,08/01/12,"Crookston","Vantage"
,33.4,14.8,62.3,,24.1,,,,,,,,,,,"intensive",,,,,,,04/01/12,08/01/12,"Crookston","Velva"
,38.5,14.6,62.6,,24.1,,,,,,,,,,,"intensive",,,,,,,04/01/12,08/01/12,"Crookston","WB-Digger"
,40.6,15.0,63.7,,24.0,,,,,,,,,,,"intensive",,,,,,,04/01/12,08/01/12,"Crookston","WB-Mayville"
,71.4,14.9,61.3,,30.3,,,,,,,,,,,"intensive",,,,,,,04/01/12,08/01/12,"Morris","Advance"
,77.3,15.8,61.9,,32.7,,,,,,,,,,,"intensive",,,,,,,04/01/12,08/01/12,"Morris","Barlow"
,69.6,16.3,62,,31.7,,,,,,,,,,,"intensive",,,,,,,04/01/12,08/01/12,"Morris","Breaker"
,69.4,15.7,61.3,,27.7,,,,,,,,,,,"intensive",,,,,,,04/01/12,08/01/12,"Morris","Brennan"
,70.1,15.9,62.3,,31.7,,,,,,,,,,,"intensive",,,,,,,04/01/12,08/01/12,"Morris","Brick"
,68.5,16.0,60.9,,31.3,,,,,,,,,,,"intensive",,,,,,,04/01/12,08/01/12,"Morris","Briggs"
,71.9,15.7,61.5,,33.3,,,,,,,,,,,"intensive",,,,,,,04/01/12,08/01/12,"Morris","Cromwell"
,67.6,16.3,60.1,,31.3,,,,,,,,,,,"intensive",,,,,,,04/01/12,08/01/12,"Morris","Edge"
,72.9,16.0,60.6,,31.0,,,,,,,,,,,"intensive",,,,,,,04/01/12,08/01/12,"Morris","Faller"
,69.7,16.0,61.3,,33.7,,,,,,,,,,,"intensive",,,,,,,04/01/12,08/01/12,"Morris","Forefront"
,63.8,16.7,64.2,,31.3,,,,,,,,,,,"intensive",,,,,,,04/01/12,08/01/12,"Morris","Glenn"
,69.8,15.8,57.1,,29.3,,,,,,,,,,,"intensive",,,,,,,04/01/12,08/01/12,"Morris","Jenna"
,65.8,15.4,61.3,,29.0,,,,,,,,,,,"intensive",,,,,,,04/01/12,08/01/12,"Morris","Knudson"
,73.1,15.3,60.6,,29.0,,,,,,,,,,,"intensive",,,,,,,04/01/12,08/01/12,"Morris","LCS Albany"
,71.9,15.7,62.3,,29.0,,,,,,,,,,,"intensive",,,,,,,04/01/12,08/01/12,"Morris","LCS Breakaway"
,76.2,15.4,60.5,,29.3,,,,,,,,,,,"intensive",,,,,,,04/01/12,08/01/12,"Morris","LCS Powerplay"
,67.1,15.5,59.2,,30.0,,,,,,,,,,,"intensive",,,,,,,04/01/12,08/01/12,"Morris","Marshall"
,66.4,15.8,60.5,,30.3,,,,,,,,,,,"intensive",,,,,,,04/01/12,08/01/12,"Morris","Norden"
,74.7,16.1,60.1,,32.0,,,,,,,,,,,"intensive",,,,,,,04/01/12,08/01/12,"Morris","Prosper"
,54.2,16.1,59.5,,30.0,,,,,,,,,,,"intensive",,,,,,,04/01/12,08/01/12,"Morris","RB07"
,58.3,17.2,61.2,,28.7,,,,,,,,,,,"intensive",,,,,,,04/01/12,08/01/12,"Morris","Rollag"
,64.6,16.6,60.1,,30.3,,,,,,,,,,,"intensive",,,,,,,04/01/12,08/01/12,"Morris","Rollag (1.3X)"
,65.6,15.9,59.8,,28.7,,,,,,,,,,,"intensive",,,,,,,04/01/12,08/01/12,"Morris","Sabin"
,70.6,16.4,61.8,,28.3,,,,,,,,,,,"intensive",,,,,,,04/01/12,08/01/12,"Morris","Samson"
,70.9,15.4,61.2,,32.0,,,,,,,,,,,"intensive",,,,,,,04/01/12,08/01/12,"Morris","Select"
,62.4,16.2,60.8,,27.7,,,,,,,,,,,"intensive",,,,,,,04/01/12,08/01/12,"Morris","SY-Soren"
,59.3,17.4,61.5,,30.3,,,,,,,,,,,"intensive",,,,,,,04/01/12,08/01/12,"Morris","Vantage"
,61.3,16.3,58.8,,28.7,,,,,,,,,,,"intensive",,,,,,,04/01/12,08/01/12,"Morris","Velva"
,71.2,15.5,60.3,,28.3,,,,,,,,,,,"intensive",,,,,,,04/01/12,08/01/12,"Morris","WB-Digger"
,55.8,16.8,59.9,,25.7,,,,,,,,,,,"intensive",,,,,,,04/01/12,08/01/12,"Morris","WB-Mayville"
,90.8,12.1,61.2,,33.7,,,,,,,,,,,"intensive",,,,12.5,,,04/01/12,08/01/12,"Roseau","Advance"
,88.2,13.0,61.7,,37.3,,,,,,,,,,,"intensive",,,,12.5,,,04/01/12,08/01/12,"Roseau","Barlow"
,86.5,12.3,61.9,,37.7,,,,,,,,,,,"intensive",,,,12.5,,,04/01/12,08/01/12,"Roseau","Breaker"
,86.4,13.4,60.2,,32.7,,,,,,,,,,,"intensive",,,,12.5,,,04/01/12,08/01/12,"Roseau","Brennan"
,84.7,12.3,61.0,,34.0,,,,,,,,,,,"intensive",,,,12.5,,,04/01/12,08/01/12,"Roseau","Brick"
,83.2,12.1,60.5,,33.0,,,,,,,,,,,"intensive",,,,12.5,,,04/01/12,08/01/12,"Roseau","Briggs"
,96.3,12.8,61.7,,38.0,,,,,,,,,,,"intensive",,,,12.5,,,04/01/12,08/01/12,"Roseau","Cromwell"
,88.0,12.7,59.5,,37.0,,,,,,,,,,,"intensive",,,,12.5,,,04/01/12,08/01/12,"Roseau","Edge"
,88.2,11.8,60.2,,36.3,,,,,,,,,,,"intensive",,,,12.5,,,04/01/12,08/01/12,"Roseau","Faller"
,89.9,12.9,60.0,,40.0,,,,,,,,,,,"intensive",,,,12.5,,,04/01/12,08/01/12,"Roseau","Forefront"
,75.0,13.5,61.2,,38.7,,,,,,,,,,,"intensive",,,,12.5,,,04/01/12,08/01/12,"Roseau","Glenn"
,89.4,12.4,59.1,,36.7,,,,,,,,,,,"intensive",,,,12.5,,,04/01/12,08/01/12,"Roseau","Jenna"
,98.7,12.5,60.4,,37.7,,,,,,,,,,,"intensive",,,,12.5,,,04/01/12,08/01/12,"Roseau","Knudson"
,101.0,10.8,58.1,,35.3,,,,,,,,,,,"intensive",,,,12.5,,,04/01/12,08/01/12,"Roseau","LCS Albany"
,95.3,12.1,61.2,,34.0,,,,,,,,,,,"intensive",,,,12.5,,,04/01/12,08/01/12,"Roseau","LCS Breakaway"
,95.8,12.3,60.1,,37.0,,,,,,,,,,,"intensive",,,,12.5,,,04/01/12,08/01/12,"Roseau","LCS Powerplay"
,91.8,12.2,59.7,,35.0,,,,,,,,,,,"intensive",,,,12.5,,,04/01/12,08/01/12,"Roseau","Marshall"
,86.5,12.5,61.6,,34.7,,,,,,,,,,,"intensive",,,,12.5,,,04/01/12,08/01/12,"Roseau","Norden"
,99.5,11.9,59.9,,37.3,,,,,,,,,,,"intensive",,,,12.5,,,04/01/12,08/01/12,"Roseau","Prosper"
,90.5,13.1,59.8,,32.7,,,,,,,,,,,"intensive",,,,12.5,,,04/01/12,08/01/12,"Roseau","RB07"
,83.1,12.8,60.9,,35.0,,,,,,,,,,,"intensive",,,,12.5,,,04/01/12,08/01/12,"Roseau","Rollag"
,84.9,12.7,60.5,,34.3,,,,,,,,,,,"intensive",,,,12.5,,,04/01/12,08/01/12,"Roseau","Rollag (1.3X)"
,92.6,12.8,59.3,,33.3,,,,,,,,,,,"intensive",,,,12.5,,,04/01/12,08/01/12,"Roseau","Sabin"
,93.4,13.3,60.4,,31.7,,,,,,,,,,,"intensive",,,,12.5,,,04/01/12,08/01/12,"Roseau","Samson"
,95.7,11.8,61.4,,34.0,,,,,,,,,,,"intensive",,,,12.5,,,04/01/12,08/01/12,"Roseau","Select"
,98.2,13.0,60.4,,34.7,,,,,,,,,,,"intensive",,,,12.5,,,04/01/12,08/01/12,"Roseau","SY-Soren"
,87.0,13.9,61.0,,36.3,,,,,,,,,,,"intensive",,,,12.5,,,04/01/12,08/01/12,"Roseau","Vantage"
,92.8,12.3,60.0,,37.0,,,,,,,,,,,"intensive",,,,12.5,,,04/01/12,08/01/12,"Roseau","Velva"
,94.8,12.0,60.1,,38.7,,,,,,,,,,,"intensive",,,,12.5,,,04/01/12,08/01/12,"Roseau","WB-Digger"
,95.4,13.0,60.7,,32.3,,,,,,,,,,,"intensive",,,,12.5,,,04/01/12,08/01/12,"Roseau","WB-Mayville"
,51.5,14.8,61.9,,24.9,,,,,,,,,,,"intensive",,,,,,,04/01/12,08/01/12,"Lamberton","Advance"
,57.9,15.7,61.5,,28.7,,,,,,,,,,,"intensive",,,,,,,04/01/12,08/01/12,"Lamberton","Barlow"
,52.9,16.1,60.6,,26.8,,,,,,,,,,,"intensive",,,,,,,04/01/12,08/01/12,"Lamberton","Breaker"
,51.4,14.9,61.8,,24.5,,,,,,,,,,,"intensive",,,,,,,04/01/12,08/01/12,"Lamberton","Brennan"
,51.9,15.3,62.6,,27.6,,,,,,,,,,,"intensive",,,,,,,04/01/12,08/01/12,"Lamberton","Brick"
,58.5,15.1,61.2,,28.3,,,,,,,,,,,"intensive",,,,,,,04/01/12,08/01/12,"Lamberton","Briggs"
,52.0,16.6,61.8,,28.1,,,,,,,,,,,"intensive",,,,,,,04/01/12,08/01/12,"Lamberton","Cromwell"
,47.0,15.9,59.4,,26.5,,,,,,,,,,,"intensive",,,,,,,04/01/12,08/01/12,"Lamberton","Edge"
,53.5,15.1,60.6,,28.9,,,,,,,,,,,"intensive",,,,,,,04/01/12,08/01/12,"Lamberton","Faller"
,46.8,16.1,62.2,,26.4,,,,,,,,,,,"intensive",,,,,,,04/01/12,08/01/12,"Lamberton","Forefront"
,55.7,15.7,63.9,,28.5,,,,,,,,,,,"intensive",,,,,,,04/01/12,08/01/12,"Lamberton","Glenn"
,61.9,15.7,60.3,,27.0,,,,,,,,,,,"intensive",,,,,,,04/01/12,08/01/12,"Lamberton","Jenna"
,57.3,15.3,61.6,,25.2,,,,,,,,,,,"intensive",,,,,,,04/01/12,08/01/12,"Lamberton","Knudson"
,59.9,14.6,60.8,,25.9,,,,,,,,,,,"intensive",,,,,,,04/01/12,08/01/12,"Lamberton","LCS Albany"
,51.1,15.6,63,,25.6,,,,,,,,,,,"intensive",,,,,,,04/01/12,08/01/12,"Lamberton","LCS Breakaway"
,58.7,14.8,62.2,,25.9,,,,,,,,,,,"intensive",,,,,,,04/01/12,08/01/12,"Lamberton","LCS Powerplay"
,45.3,15.9,59.1,,26.5,,,,,,,,,,,"intensive",,,,,,,04/01/12,08/01/12,"Lamberton","Marshall"
,57.0,15.4,62.3,,26.4,,,,,,,,,,,"intensive",,,,,,,04/01/12,08/01/12,"Lamberton","Norden"
,58.2,15.2,60,,29.1,,,,,,,,,,,"intensive",,,,,,,04/01/12,08/01/12,"Lamberton","Prosper"
,50.3,15.5,60.8,,27.3,,,,,,,,,,,"intensive",,,,,,,04/01/12,08/01/12,"Lamberton","RB07"
,51.9,16.3,61.1,,25.9,,,,,,,,,,,"intensive",,,,,,,04/01/12,08/01/12,"Lamberton","Rollag"
,56.4,16.1,60.8,,26.2,,,,,,,,,,,"intensive",,,,,,,04/01/12,08/01/12,"Lamberton","Rollag (1.3X)"
,55.7,15.0,60.8,,25.5,,,,,,,,,,,"intensive",,,,,,,04/01/12,08/01/12,"Lamberton","Sabin"
,54.3,15.9,60.8,,26.0,,,,,,,,,,,"intensive",,,,,,,04/01/12,08/01/12,"Lamberton","Samson"
,52.6,15.2,62.1,,29.5,,,,,,,,,,,"intensive",,,,,,,04/01/12,08/01/12,"Lamberton","Select"
,54.7,15.3,60.6,,25.9,,,,,,,,,,,"intensive",,,,,,,04/01/12,08/01/12,"Lamberton","SY-Soren"
,47.4,16.8,59.6,,27.3,,,,,,,,,,,"intensive",,,,,,,04/01/12,08/01/12,"Lamberton","Vantage"
,58.0,15.3,56.9,,28.3,,,,,,,,,,,"intensive",,,,,,,04/01/12,08/01/12,"Lamberton","Velva"
,61.0,14.9,59.6,,25.9,,,,,,,,,,,"intensive",,,,,,,04/01/12,08/01/12,"Lamberton","WB-Digger"
,52.3,15.9,60.8,,24.9,,,,,,,,,,,"intensive",,,,,,,04/01/12,08/01/12,"Lamberton","WB-Mayville"
,39.0,17.8,55.6,19.7,28.6,59.3,,169.3,,,,,,,,"no till",,,,5.0,4.2,,04/18/12,07/31/12,"Williston","Brennan"
,39.4,18.1,55.4,19.8,28.1,58.3,,168.3,,,,,,,,"no till",,,,5.0,4.2,,04/18/12,07/31/12,"Williston","Kelby"
,34.0,18.0,52.1,18.0,28.6,61.7,,171.7,,,,,,,,"no till",,,,5.0,4.2,,04/18/12,07/31/12,"Williston","Vida*"
,33.2,17.7,54.1,19.6,27.8,58.3,,168.3,,,,,,,,"no till",,,,5.0,4.2,,04/18/12,07/31/12,"Williston","RB07"
,35.6,17.1,53.4,19.2,30.8,60.7,,170.7,,,,,,,,"no till",,,,5.0,4.2,,04/18/12,07/31/12,"Williston","Alpine*"
,32.2,18.1,54.4,19.4,31.9,60.0,,170.0,,,,,,,,"no till",,,,5.0,4.2,,04/18/12,07/31/12,"Williston","Barlow*"
,31.6,19.1,52.3,18.4,30.3,61.3,,171.3,,,,,,,,"no till",,,,5.0,4.2,,04/18/12,07/31/12,"Williston","O'Neal"
,32.1,17.5,52.5,19.1,30.6,61.3,,171.3,,,,,,,,"no till",,,,5.0,4.2,,04/18/12,07/31/12,"Williston","Reeder"
,29.6,18.1,52.7,18.5,31.0,61.3,,171.3,,,,,,,,"no till",,,,5.0,4.2,,04/18/12,07/31/12,"Williston","Freyr"
,32.5,17.9,52.6,18.6,33.2,57.3,,167.3,,,,,,,,"no till",,,,5.0,4.2,,04/18/12,07/31/12,"Williston","Select*"
,30.7,19.2,50.0,20.7,29.1,62.7,,172.7,,,,,,,,"no till",,,,5.0,4.2,,04/18/12,07/31/12,"Williston","Jenna"
,32.7,17.3,51.9,19.9,29.7,62.0,,172.0,,,,,,,,"no till",,,,5.0,4.2,,04/18/12,07/31/12,"Williston","Velva (ND 811)*"
,30.8,18.9,52.6,18.6,32.6,59.7,,169.7,,,,,,,,"no till",,,,5.0,4.2,,04/18/12,07/31/12,"Williston","Briggs"
,29.7,18.2,50.5,17.5,30.7,62.3,,172.3,,,,,,,,"no till",,,,5.0,4.2,,04/18/12,07/31/12,"Williston","Howard"
,32.6,17.7,55.2,19.5,33.2,59.0,,169.0,,,,,,,,"no till",,,,5.0,4.2,,04/18/12,07/31/12,"Williston","Glenn*"
,27.4,18.4,53.9,18.8,34.6,60.3,,170.3,,,,,,,,"no till",,,,5.0,4.2,,04/18/12,07/31/12,"Williston","ND901CL Plus*"
,30.1,17.5,50.1,18.3,30.7,63.7,,173.7,,,,,,,,"no till",,,,5.0,4.2,,04/18/12,07/31/12,"Williston","Prosper (ND 808)"
,26.6,18.3,48.4,16.7,31.0,63.7,,173.7,,,,,,,,"no till",,,,5.0,4.2,,04/18/12,07/31/12,"Williston","Faller"
,29.1,18.3,50.4,18.0,31.1,62.0,,172.0,,,,,,,,"no till",,,,5.0,4.2,,04/18/12,07/31/12,"Williston","Steele-ND"
,25.9,19.8,51.2,16.4,28.9,63.3,,173.3,,,,,,,,"no till",,,,5.0,4.2,,04/18/12,07/31/12,"Williston","Mott"
,30.5,18.4,53.4,19.7,27.7,60.7,,170.7,,,,,,,,"no till",,,,5.0,4.2,,04/18/12,07/31/12,"Williston","Choteau"
,36.0,18.7,53.2,19.7,30.4,59.7,,169.7,,,,,,,,"no till",,,,5.0,4.2,,04/18/12,07/31/12,"Williston","Rollag*"
,33.4,18.8,53.0,17.7,27.0,60.7,,170.7,,,,,,,,"no till",,,,5.0,4.2,,04/18/12,07/31/12,"Williston","SY Soren"
,30.8,19.7,49.9,13.6,27.6,65.0,,175.0,,,,,,,,"no till",,,,5.0,4.2,,04/18/12,07/31/12,"Williston","Albany"
,29.4,19.7,52.5,16.8,30.4,59.0,,169.0,,,,,,,,"no till",,,,5.0,4.2,,04/18/12,07/31/12,"Williston","SY605CL*"
,32.7,18.1,51.9,19.5,29.8,59.0,,169.0,,,,,,,,"no till",,,,5.0,4.2,,04/18/12,07/31/12,"Williston","Duclair"
,28.9,18.4,51.1,16.4,25.5,61.0,,171.0,,,,,,,,"no till",,,,5.0,4.2,,04/18/12,07/31/12,"Williston","SY Tyra"
,29.6,17.3,54.0,21.9,27.5,60.0,,170.0,,,,,,,,"no till",,,,5.0,4.2,,04/18/12,07/31/12,"Williston","WB-Gunnison"
,35.8,17.6,49.6,22.4,32.0,61.7,,171.7,,,,,,,,"no till",,,,5.0,4.2,,04/18/12,07/31/12,"Williston","NDSW0703"
,30.7,18.9,49.2,17.7,32.7,61.3,,171.3,,,,,,,,"no till",,,,5.0,4.2,,04/18/12,07/31/12,"Williston","Elgin (ND 818)"
,29.0,18.5,50.5,18.0,30.2,58.7,,168.7,,,,,,,,"no till",,,,5.0,4.2,,04/18/12,07/31/12,"Williston","ND 819*"
,27.8,18.3,50.8,17.2,30.3,64.3,,174.3,,,,,,,,"no till",,,,5.0,4.2,,04/18/12,07/31/12,"Williston","NDSW0612*"
,,,,,,,,,,,,,,,,,,,,7.1,5.9,,05/15/12,08/29/12,"Divide County","Jenna"
,,,,,,,,,,,,,,,,,,,,7.1,5.9,,05/15/12,08/29/12,"Divide County","Vida"
,,,,,,,,,,,,,,,,,,,,7.1,5.9,,05/15/12,08/29/12,"Divide County","Reeder"
,,,,,,,,,,,,,,,,,,,,7.1,5.9,,05/15/12,08/29/12,"Divide County","RB07"
,,,,,,,,,,,,,,,,,,,,7.1,5.9,,05/15/12,08/29/12,"Divide County","Velva"
,,,,,,,,,,,,,,,,,,,,7.1,5.9,,05/15/12,08/29/12,"Divide County","Faller"
,,,,,,,,,,,,,,,,,,,,7.1,5.9,,05/15/12,08/29/12,"Divide County","ND901CL Plus"
,,,,,,,,,,,,,,,,,,,,7.1,5.9,,05/15/12,08/29/12,"Divide County","Steele-ND"
,,,,,,,,,,,,,,,,,,,,7.1,5.9,,05/15/12,08/29/12,"Divide County","Barlow"
,,,,,,,,,,,,,,,,,,,,7.1,5.9,,05/15/12,08/29/12,"Divide County","Glenn"
,,,,,,,,,,,,,,,,,,,,7.1,5.9,,05/15/12,08/29/12,"Divide County","Mott"
,,,,,,,,,,,,,,,,,,,,7.1,5.9,,05/15/12,08/29/12,"Divide County","Prosper"
,,,,,,,,,,,,,,,,,,,,7.1,5.9,,05/15/12,08/29/12,"Divide County","Choteau"
,,,,,,,,,,,,,,,,,,,,7.1,5.9,,05/15/12,08/29/12,"Divide County","Howard"
,,,,,,,,,,,,,,,,,,,,7.1,5.9,,05/15/12,08/29/12,"Divide County","Kelby"
,,,,,,,,,,,,,,,,,,,,7.1,5.9,,05/15/12,08/29/12,"Divide County","SY Soren"
,,,,,,,,,,,,,,,,,,,,7.1,5.9,,05/15/12,08/29/12,"Divide County","SY605CL"
,,,,,,,,,,,,,,,,,,,,7.1,5.9,,05/15/12,08/29/12,"Divide County","Brennan"
,,,,,,,,,,,,,,,,,,,,7.1,5.9,,05/15/12,08/29/12,"Divide County","Duclair"
,,,,,,,,,,,,,,,,,,,,7.1,5.9,,05/15/12,08/29/12,"Divide County","SY Tyra"
,,,,,,,,,,,,,,,,,,,,7.1,5.9,,05/15/12,08/29/12,"Divide County","O'Neal"
,,,,,,,,,,,,,,,,,,,,7.1,5.9,,05/15/12,08/29/12,"Divide County","WB-Gunnison"
,,,,,,,,,,,,,,,,,,,,7.1,5.9,,05/15/12,08/29/12,"Divide County","Elgin"
,,,,,,,,,,,,,,,,,,,,7.1,5.9,,05/15/12,08/29/12,"Divide County","ND 819"
